{"tileSize":16,"mapWidth":54,"mapHeight":40,"layers":[{"name":"Layer_22","tiles":[{"id":"0","x":1,"y":31},{"id":"1","x":2,"y":31},{"id":"2","x":1,"y":32},{"id":"3","x":2,"y":32},{"id":"4","x":1,"y":33},{"id":"5","x":2,"y":33},{"id":"0","x":3,"y":31},{"id":"1","x":4,"y":31},{"id":"2","x":3,"y":32},{"id":"3","x":4,"y":32},{"id":"4","x":3,"y":33},{"id":"5","x":4,"y":33},{"id":"0","x":7,"y":32},{"id":"1","x":8,"y":32},{"id":"2","x":7,"y":33},{"id":"3","x":8,"y":33},{"id":"4","x":7,"y":34},{"id":"5","x":8,"y":34},{"id":"6","x":19,"y":26},{"id":"7","x":20,"y":26},{"id":"8","x":21,"y":26},{"id":"9","x":22,"y":26},{"id":"10","x":23,"y":26},{"id":"11","x":24,"y":26},{"id":"12","x":19,"y":27},{"id":"13","x":20,"y":27},{"id":"14","x":21,"y":27},{"id":"15","x":22,"y":27},{"id":"16","x":23,"y":27},{"id":"17","x":24,"y":27},{"id":"6","x":23,"y":28},{"id":"7","x":24,"y":28},{"id":"8","x":25,"y":28},{"id":"9","x":26,"y":28},{"id":"10","x":27,"y":28},{"id":"11","x":28,"y":28},{"id":"12","x":23,"y":29},{"id":"13","x":24,"y":29},{"id":"14","x":25,"y":29},{"id":"15","x":26,"y":29},{"id":"16","x":27,"y":29},{"id":"17","x":28,"y":29},{"id":"6","x":28,"y":30},{"id":"7","x":29,"y":30},{"id":"8","x":30,"y":30},{"id":"9","x":31,"y":30},{"id":"10","x":32,"y":30},{"id":"11","x":33,"y":30},{"id":"12","x":28,"y":31},{"id":"13","x":29,"y":31},{"id":"14","x":30,"y":31},{"id":"15","x":31,"y":31},{"id":"16","x":32,"y":31},{"id":"17","x":33,"y":31},{"id":"6","x":34,"y":29},{"id":"7","x":35,"y":29},{"id":"8","x":36,"y":29},{"id":"9","x":37,"y":29},{"id":"10","x":38,"y":29},{"id":"11","x":39,"y":29},{"id":"12","x":34,"y":30},{"id":"13","x":35,"y":30},{"id":"14","x":36,"y":30},{"id":"15","x":37,"y":30},{"id":"16","x":38,"y":30},{"id":"17","x":39,"y":30},{"id":"6","x":40,"y":27},{"id":"7","x":41,"y":27},{"id":"8","x":42,"y":27},{"id":"9","x":43,"y":27},{"id":"10","x":44,"y":27},{"id":"11","x":45,"y":27},{"id":"12","x":40,"y":28},{"id":"13","x":41,"y":28},{"id":"14","x":42,"y":28},{"id":"15","x":43,"y":28},{"id":"16","x":44,"y":28},{"id":"17","x":45,"y":28},{"id":"6","x":44,"y":25},{"id":"7","x":45,"y":25},{"id":"8","x":46,"y":25},{"id":"9","x":47,"y":25},{"id":"10","x":48,"y":25},{"id":"11","x":49,"y":25},{"id":"12","x":44,"y":26},{"id":"13","x":45,"y":26},{"id":"14","x":46,"y":26},{"id":"15","x":47,"y":26},{"id":"16","x":48,"y":26},{"id":"17","x":49,"y":26},{"id":"18","x":45,"y":20},{"id":"19","x":46,"y":20},{"id":"20","x":47,"y":20},{"id":"21","x":48,"y":20},{"id":"22","x":45,"y":21},{"id":"23","x":46,"y":21},{"id":"24","x":47,"y":21},{"id":"25","x":48,"y":21},{"id":"26","x":45,"y":22},{"id":"27","x":46,"y":22},{"id":"28","x":47,"y":22},{"id":"29","x":48,"y":22},{"id":"30","x":45,"y":23},{"id":"31","x":46,"y":23},{"id":"32","x":47,"y":23},{"id":"33","x":48,"y":23},{"id":"34","x":45,"y":24},{"id":"35","x":46,"y":24},{"id":"36","x":47,"y":24},{"id":"37","x":48,"y":24},{"id":"18","x":9,"y":33},{"id":"19","x":10,"y":33},{"id":"20","x":11,"y":33},{"id":"21","x":12,"y":33},{"id":"22","x":9,"y":34},{"id":"23","x":10,"y":34},{"id":"24","x":11,"y":34},{"id":"25","x":12,"y":34},{"id":"26","x":9,"y":35},{"id":"27","x":10,"y":35},{"id":"28","x":11,"y":35},{"id":"29","x":12,"y":35},{"id":"30","x":9,"y":36},{"id":"31","x":10,"y":36},{"id":"32","x":11,"y":36},{"id":"33","x":12,"y":36},{"id":"34","x":9,"y":37},{"id":"35","x":10,"y":37},{"id":"36","x":11,"y":37},{"id":"37","x":12,"y":37},{"id":"38","x":39,"y":11},{"id":"39","x":40,"y":11},{"id":"40","x":39,"y":12},{"id":"41","x":40,"y":12},{"id":"42","x":39,"y":13},{"id":"43","x":40,"y":13},{"id":"44","x":39,"y":14},{"id":"45","x":40,"y":14},{"id":"38","x":23,"y":15},{"id":"39","x":24,"y":15},{"id":"40","x":23,"y":16},{"id":"41","x":24,"y":16},{"id":"42","x":23,"y":17},{"id":"43","x":24,"y":17},{"id":"44","x":23,"y":18},{"id":"45","x":24,"y":18},{"id":"38","x":39,"y":2},{"id":"39","x":40,"y":2},{"id":"40","x":39,"y":3},{"id":"41","x":40,"y":3},{"id":"42","x":39,"y":4},{"id":"43","x":40,"y":4},{"id":"44","x":39,"y":5},{"id":"45","x":40,"y":5},{"id":"46","x":24,"y":7},{"id":"47","x":25,"y":7},{"id":"48","x":24,"y":8},{"id":"49","x":25,"y":8},{"id":"50","x":24,"y":9},{"id":"51","x":25,"y":9},{"id":"52","x":24,"y":10},{"id":"53","x":25,"y":10},{"id":"54","x":33,"y":1},{"id":"55","x":34,"y":1},{"id":"56","x":33,"y":2},{"id":"57","x":34,"y":2},{"id":"58","x":33,"y":3},{"id":"59","x":34,"y":3},{"id":"60","x":33,"y":4},{"id":"61","x":34,"y":4},{"id":"54","x":22,"y":1},{"id":"55","x":23,"y":1},{"id":"56","x":22,"y":2},{"id":"57","x":23,"y":2},{"id":"58","x":22,"y":3},{"id":"59","x":23,"y":3},{"id":"60","x":22,"y":4},{"id":"61","x":23,"y":4},{"id":"54","x":44,"y":13},{"id":"55","x":45,"y":13},{"id":"56","x":44,"y":14},{"id":"57","x":45,"y":14},{"id":"58","x":44,"y":15},{"id":"59","x":45,"y":15},{"id":"60","x":44,"y":16},{"id":"61","x":45,"y":16},{"id":"54","x":32,"y":15},{"id":"55","x":33,"y":15},{"id":"56","x":32,"y":16},{"id":"57","x":33,"y":16},{"id":"58","x":32,"y":17},{"id":"59","x":33,"y":17},{"id":"60","x":32,"y":18},{"id":"61","x":33,"y":18},{"id":"54","x":2,"y":10},{"id":"55","x":3,"y":10},{"id":"56","x":2,"y":11},{"id":"57","x":3,"y":11},{"id":"58","x":2,"y":12},{"id":"59","x":3,"y":12},{"id":"60","x":2,"y":13},{"id":"61","x":3,"y":13},{"id":"54","x":46,"y":30},{"id":"55","x":47,"y":30},{"id":"56","x":46,"y":31},{"id":"57","x":47,"y":31},{"id":"58","x":46,"y":32},{"id":"59","x":47,"y":32},{"id":"54","x":3,"y":22},{"id":"55","x":4,"y":22},{"id":"56","x":3,"y":23},{"id":"57","x":4,"y":23},{"id":"58","x":3,"y":24},{"id":"59","x":4,"y":24},{"id":"60","x":3,"y":25},{"id":"61","x":4,"y":25},{"id":"54","x":15,"y":25},{"id":"55","x":16,"y":25},{"id":"56","x":15,"y":26},{"id":"57","x":16,"y":26},{"id":"58","x":15,"y":27},{"id":"59","x":16,"y":27},{"id":"60","x":15,"y":28},{"id":"61","x":16,"y":28},{"id":"54","x":20,"y":31},{"id":"55","x":21,"y":31},{"id":"56","x":20,"y":32},{"id":"57","x":21,"y":32},{"id":"58","x":20,"y":33},{"id":"59","x":21,"y":33},{"id":"60","x":20,"y":34},{"id":"61","x":21,"y":34},{"id":"54","x":39,"y":31},{"id":"55","x":40,"y":31},{"id":"56","x":39,"y":32},{"id":"57","x":40,"y":32},{"id":"58","x":39,"y":33},{"id":"59","x":40,"y":33},{"id":"60","x":39,"y":34},{"id":"61","x":40,"y":34},{"id":"62","x":45,"y":33},{"id":"63","x":46,"y":33},{"id":"64","x":47,"y":33},{"id":"65","x":48,"y":33},{"id":"66","x":45,"y":34},{"id":"67","x":46,"y":34},{"id":"68","x":47,"y":34},{"id":"69","x":48,"y":34},{"id":"70","x":45,"y":35},{"id":"71","x":46,"y":35},{"id":"72","x":47,"y":35},{"id":"73","x":48,"y":35},{"id":"74","x":45,"y":36},{"id":"75","x":46,"y":36},{"id":"76","x":47,"y":36},{"id":"77","x":48,"y":36},{"id":"78","x":45,"y":37},{"id":"79","x":46,"y":37},{"id":"80","x":47,"y":37},{"id":"81","x":48,"y":37},{"id":"82","x":45,"y":38},{"id":"83","x":46,"y":38},{"id":"84","x":47,"y":38},{"id":"85","x":48,"y":38}],"collider":false},{"name":"Layer_21","tiles":[{"id":"6","x":10,"y":38},{"id":"7","x":11,"y":38},{"id":"8","x":12,"y":38},{"id":"9","x":13,"y":38},{"id":"10","x":14,"y":38},{"id":"11","x":15,"y":38},{"id":"12","x":10,"y":39},{"id":"13","x":11,"y":39},{"id":"14","x":12,"y":39},{"id":"15","x":13,"y":39},{"id":"16","x":14,"y":39},{"id":"17","x":15,"y":39},{"id":"6","x":19,"y":38},{"id":"7","x":20,"y":38},{"id":"8","x":21,"y":38},{"id":"9","x":22,"y":38},{"id":"10","x":23,"y":38},{"id":"11","x":24,"y":38},{"id":"12","x":19,"y":39},{"id":"13","x":20,"y":39},{"id":"14","x":21,"y":39},{"id":"15","x":22,"y":39},{"id":"16","x":23,"y":39},{"id":"17","x":24,"y":39},{"id":"6","x":26,"y":38},{"id":"7","x":27,"y":38},{"id":"8","x":28,"y":38},{"id":"9","x":29,"y":38},{"id":"10","x":30,"y":38},{"id":"11","x":31,"y":38},{"id":"12","x":26,"y":39},{"id":"13","x":27,"y":39},{"id":"14","x":28,"y":39},{"id":"15","x":29,"y":39},{"id":"16","x":30,"y":39},{"id":"17","x":31,"y":39},{"id":"6","x":32,"y":38},{"id":"12","x":32,"y":39},{"id":"10","x":43,"y":38},{"id":"16","x":43,"y":39},{"id":"6","x":44,"y":38},{"id":"7","x":45,"y":38},{"id":"8","x":46,"y":38},{"id":"9","x":47,"y":38},{"id":"10","x":48,"y":38},{"id":"12","x":44,"y":39},{"id":"13","x":45,"y":39},{"id":"14","x":46,"y":39},{"id":"15","x":47,"y":39},{"id":"16","x":48,"y":39},{"id":"6","x":33,"y":38},{"id":"7","x":34,"y":38},{"id":"8","x":35,"y":38},{"id":"9","x":36,"y":38},{"id":"10","x":37,"y":38},{"id":"12","x":33,"y":39},{"id":"13","x":34,"y":39},{"id":"14","x":35,"y":39},{"id":"15","x":36,"y":39},{"id":"16","x":37,"y":39},{"id":"6","x":38,"y":38},{"id":"7","x":39,"y":38},{"id":"8","x":40,"y":38},{"id":"9","x":41,"y":38},{"id":"10","x":42,"y":38},{"id":"12","x":38,"y":39},{"id":"13","x":39,"y":39},{"id":"14","x":40,"y":39},{"id":"15","x":41,"y":39},{"id":"16","x":42,"y":39},{"id":"6","x":7,"y":16},{"id":"7","x":8,"y":16},{"id":"8","x":9,"y":16},{"id":"9","x":10,"y":16},{"id":"10","x":11,"y":16},{"id":"12","x":7,"y":17},{"id":"13","x":8,"y":17},{"id":"14","x":9,"y":17},{"id":"15","x":10,"y":17},{"id":"16","x":11,"y":17},{"id":"6","x":0,"y":18},{"id":"7","x":1,"y":18},{"id":"8","x":2,"y":18},{"id":"9","x":3,"y":18},{"id":"10","x":4,"y":18},{"id":"12","x":0,"y":19},{"id":"13","x":1,"y":19},{"id":"14","x":2,"y":19},{"id":"15","x":3,"y":19},{"id":"16","x":4,"y":19},{"id":"6","x":5,"y":20},{"id":"7","x":6,"y":20},{"id":"8","x":7,"y":20},{"id":"9","x":8,"y":20},{"id":"10","x":9,"y":20},{"id":"12","x":5,"y":21},{"id":"13","x":6,"y":21},{"id":"14","x":7,"y":21},{"id":"15","x":8,"y":21},{"id":"16","x":9,"y":21},{"id":"6","x":10,"y":22},{"id":"7","x":11,"y":22},{"id":"8","x":12,"y":22},{"id":"9","x":13,"y":22},{"id":"10","x":14,"y":22},{"id":"12","x":10,"y":23},{"id":"13","x":11,"y":23},{"id":"14","x":12,"y":23},{"id":"15","x":13,"y":23},{"id":"16","x":14,"y":23},{"id":"6","x":15,"y":24},{"id":"7","x":16,"y":24},{"id":"8","x":17,"y":24},{"id":"9","x":18,"y":24},{"id":"10","x":19,"y":24},{"id":"12","x":15,"y":25},{"id":"13","x":16,"y":25},{"id":"14","x":17,"y":25},{"id":"15","x":18,"y":25},{"id":"16","x":19,"y":25},{"id":"86","x":46,"y":2},{"id":"87","x":47,"y":2},{"id":"88","x":46,"y":3},{"id":"89","x":47,"y":3},{"id":"90","x":47,"y":8},{"id":"91","x":48,"y":8},{"id":"92","x":47,"y":9},{"id":"93","x":48,"y":9},{"id":"94","x":47,"y":10},{"id":"95","x":48,"y":10},{"id":"96","x":1,"y":36},{"id":"97","x":2,"y":36},{"id":"98","x":3,"y":36},{"id":"99","x":4,"y":36},{"id":"100","x":1,"y":37},{"id":"101","x":2,"y":37},{"id":"102","x":3,"y":37},{"id":"103","x":4,"y":37},{"id":"104","x":1,"y":38},{"id":"105","x":2,"y":38},{"id":"106","x":3,"y":38},{"id":"107","x":4,"y":38},{"id":"96","x":5,"y":36},{"id":"97","x":6,"y":36},{"id":"98","x":7,"y":36},{"id":"99","x":8,"y":36},{"id":"100","x":5,"y":37},{"id":"101","x":6,"y":37},{"id":"102","x":7,"y":37},{"id":"103","x":8,"y":37},{"id":"104","x":5,"y":38},{"id":"105","x":6,"y":38},{"id":"106","x":7,"y":38},{"id":"107","x":8,"y":38},{"id":"96","x":3,"y":33},{"id":"97","x":4,"y":33},{"id":"98","x":5,"y":33},{"id":"99","x":6,"y":33},{"id":"100","x":3,"y":34},{"id":"101","x":4,"y":34},{"id":"102","x":5,"y":34},{"id":"103","x":6,"y":34},{"id":"104","x":3,"y":35},{"id":"105","x":4,"y":35},{"id":"106","x":5,"y":35},{"id":"107","x":6,"y":35},{"id":"108","x":7,"y":34},{"id":"109","x":8,"y":34},{"id":"110","x":7,"y":35},{"id":"111","x":8,"y":35},{"id":"108","x":1,"y":34},{"id":"109","x":2,"y":34},{"id":"110","x":1,"y":35},{"id":"111","x":2,"y":35},{"id":"112","x":1,"y":31},{"id":"113","x":2,"y":31}],"collider":false},{"name":"Layer_20","tiles":[{"id":"6","x":5,"y":38},{"id":"7","x":6,"y":38},{"id":"8","x":7,"y":38},{"id":"9","x":8,"y":38},{"id":"10","x":9,"y":38},{"id":"11","x":10,"y":38},{"id":"12","x":5,"y":39},{"id":"13","x":6,"y":39},{"id":"14","x":7,"y":39},{"id":"15","x":8,"y":39},{"id":"16","x":9,"y":39},{"id":"17","x":10,"y":39},{"id":"6","x":15,"y":38},{"id":"7","x":16,"y":38},{"id":"8","x":17,"y":38},{"id":"9","x":18,"y":38},{"id":"10","x":19,"y":38},{"id":"11","x":20,"y":38},{"id":"12","x":15,"y":39},{"id":"13","x":16,"y":39},{"id":"14","x":17,"y":39},{"id":"15","x":18,"y":39},{"id":"16","x":19,"y":39},{"id":"17","x":20,"y":39},{"id":"6","x":22,"y":38},{"id":"7","x":23,"y":38},{"id":"8","x":24,"y":38},{"id":"9","x":25,"y":38},{"id":"10","x":26,"y":38},{"id":"11","x":27,"y":38},{"id":"12","x":22,"y":39},{"id":"13","x":23,"y":39},{"id":"14","x":24,"y":39},{"id":"15","x":25,"y":39},{"id":"16","x":26,"y":39},{"id":"17","x":27,"y":39},{"id":"6","x":28,"y":38},{"id":"7","x":29,"y":38},{"id":"8","x":30,"y":38},{"id":"9","x":31,"y":38},{"id":"10","x":32,"y":38},{"id":"11","x":33,"y":38},{"id":"12","x":28,"y":39},{"id":"13","x":29,"y":39},{"id":"14","x":30,"y":39},{"id":"15","x":31,"y":39},{"id":"16","x":32,"y":39},{"id":"17","x":33,"y":39},{"id":"6","x":34,"y":38},{"id":"7","x":35,"y":38},{"id":"8","x":36,"y":38},{"id":"9","x":37,"y":38},{"id":"10","x":38,"y":38},{"id":"11","x":39,"y":38},{"id":"12","x":34,"y":39},{"id":"13","x":35,"y":39},{"id":"14","x":36,"y":39},{"id":"15","x":37,"y":39},{"id":"16","x":38,"y":39},{"id":"17","x":39,"y":39},{"id":"6","x":40,"y":38},{"id":"7","x":41,"y":38},{"id":"8","x":42,"y":38},{"id":"9","x":43,"y":38},{"id":"10","x":44,"y":38},{"id":"11","x":45,"y":38},{"id":"12","x":40,"y":39},{"id":"13","x":41,"y":39},{"id":"14","x":42,"y":39},{"id":"15","x":43,"y":39},{"id":"16","x":44,"y":39},{"id":"17","x":45,"y":39},{"id":"6","x":46,"y":38},{"id":"7","x":47,"y":38},{"id":"8","x":48,"y":38},{"id":"9","x":49,"y":38},{"id":"10","x":50,"y":38},{"id":"11","x":51,"y":38},{"id":"12","x":46,"y":39},{"id":"13","x":47,"y":39},{"id":"14","x":48,"y":39},{"id":"15","x":49,"y":39},{"id":"16","x":50,"y":39},{"id":"17","x":51,"y":39}],"collider":false},{"name":"Layer_19","tiles":[{"id":"6","x":11,"y":14},{"id":"7","x":12,"y":14},{"id":"8","x":13,"y":14},{"id":"9","x":14,"y":14},{"id":"10","x":15,"y":14},{"id":"11","x":16,"y":14},{"id":"12","x":11,"y":15},{"id":"13","x":12,"y":15},{"id":"14","x":13,"y":15},{"id":"15","x":14,"y":15},{"id":"16","x":15,"y":15},{"id":"17","x":16,"y":15},{"id":"6","x":37,"y":10},{"id":"7","x":38,"y":10},{"id":"8","x":39,"y":10},{"id":"9","x":40,"y":10},{"id":"10","x":41,"y":10},{"id":"11","x":42,"y":10},{"id":"12","x":37,"y":11},{"id":"13","x":38,"y":11},{"id":"14","x":39,"y":11},{"id":"15","x":40,"y":11},{"id":"16","x":41,"y":11},{"id":"17","x":42,"y":11},{"id":"6","x":42,"y":1},{"id":"7","x":43,"y":1},{"id":"8","x":44,"y":1},{"id":"9","x":45,"y":1},{"id":"10","x":46,"y":1},{"id":"11","x":47,"y":1},{"id":"12","x":42,"y":2},{"id":"13","x":43,"y":2},{"id":"14","x":44,"y":2},{"id":"15","x":45,"y":2},{"id":"16","x":46,"y":2},{"id":"17","x":47,"y":2},{"id":"6","x":34,"y":1},{"id":"7","x":35,"y":1},{"id":"8","x":36,"y":1},{"id":"9","x":37,"y":1},{"id":"10","x":38,"y":1},{"id":"11","x":39,"y":1},{"id":"12","x":34,"y":2},{"id":"13","x":35,"y":2},{"id":"14","x":36,"y":2},{"id":"15","x":37,"y":2},{"id":"16","x":38,"y":2},{"id":"17","x":39,"y":2},{"id":"6","x":0,"y":38},{"id":"7","x":1,"y":38},{"id":"8","x":2,"y":38},{"id":"9","x":3,"y":38},{"id":"10","x":4,"y":38},{"id":"11","x":5,"y":38},{"id":"12","x":0,"y":39},{"id":"13","x":1,"y":39},{"id":"14","x":2,"y":39},{"id":"15","x":3,"y":39},{"id":"16","x":4,"y":39},{"id":"17","x":5,"y":39}],"collider":false},{"name":"Layer_18","tiles":[{"id":"6","x":16,"y":14},{"id":"7","x":17,"y":14},{"id":"8","x":18,"y":14},{"id":"9","x":19,"y":14},{"id":"10","x":20,"y":14},{"id":"11","x":21,"y":14},{"id":"12","x":16,"y":15},{"id":"13","x":17,"y":15},{"id":"14","x":18,"y":15},{"id":"15","x":19,"y":15},{"id":"16","x":20,"y":15},{"id":"17","x":21,"y":15}],"collider":false},{"name":"Layer_17","tiles":[{"id":"6","x":21,"y":14},{"id":"7","x":22,"y":14},{"id":"8","x":23,"y":14},{"id":"9","x":24,"y":14},{"id":"10","x":25,"y":14},{"id":"11","x":26,"y":14},{"id":"12","x":21,"y":15},{"id":"13","x":22,"y":15},{"id":"14","x":23,"y":15},{"id":"15","x":24,"y":15},{"id":"16","x":25,"y":15},{"id":"17","x":26,"y":15}],"collider":false},{"name":"Layer_16","tiles":[{"id":"7","x":39,"y":10},{"id":"8","x":40,"y":10},{"id":"9","x":41,"y":10},{"id":"10","x":42,"y":10},{"id":"11","x":43,"y":10},{"id":"13","x":39,"y":11},{"id":"14","x":40,"y":11},{"id":"15","x":41,"y":11},{"id":"16","x":42,"y":11},{"id":"17","x":43,"y":11},{"id":"7","x":34,"y":10},{"id":"8","x":35,"y":10},{"id":"9","x":36,"y":10},{"id":"10","x":37,"y":10},{"id":"11","x":38,"y":10},{"id":"13","x":34,"y":11},{"id":"14","x":35,"y":11},{"id":"15","x":36,"y":11},{"id":"16","x":37,"y":11},{"id":"17","x":38,"y":11},{"id":"6","x":27,"y":7},{"id":"7","x":28,"y":7},{"id":"8","x":29,"y":7},{"id":"9","x":30,"y":7},{"id":"10","x":31,"y":7},{"id":"11","x":32,"y":7},{"id":"12","x":27,"y":8},{"id":"13","x":28,"y":8},{"id":"14","x":29,"y":8},{"id":"15","x":30,"y":8},{"id":"16","x":31,"y":8},{"id":"17","x":32,"y":8},{"id":"114","x":30,"y":10},{"id":"115","x":31,"y":10},{"id":"116","x":32,"y":10},{"id":"117","x":33,"y":10},{"id":"118","x":30,"y":11},{"id":"119","x":31,"y":11},{"id":"120","x":32,"y":11},{"id":"121","x":33,"y":11},{"id":"122","x":30,"y":12},{"id":"123","x":31,"y":12},{"id":"124","x":32,"y":12},{"id":"125","x":33,"y":12},{"id":"114","x":26,"y":12},{"id":"115","x":27,"y":12},{"id":"116","x":28,"y":12},{"id":"117","x":29,"y":12},{"id":"118","x":26,"y":13},{"id":"119","x":27,"y":13},{"id":"120","x":28,"y":13},{"id":"121","x":29,"y":13},{"id":"122","x":26,"y":14},{"id":"123","x":27,"y":14},{"id":"124","x":28,"y":14},{"id":"125","x":29,"y":14}],"collider":false},{"name":"Layer_15","tiles":[{"id":"6","x":23,"y":1},{"id":"7","x":24,"y":1},{"id":"8","x":25,"y":1},{"id":"9","x":26,"y":1},{"id":"10","x":27,"y":1},{"id":"11","x":28,"y":1},{"id":"12","x":23,"y":2},{"id":"13","x":24,"y":2},{"id":"14","x":25,"y":2},{"id":"15","x":26,"y":2},{"id":"16","x":27,"y":2},{"id":"17","x":28,"y":2},{"id":"6","x":22,"y":7},{"id":"7","x":23,"y":7},{"id":"8","x":24,"y":7},{"id":"9","x":25,"y":7},{"id":"10","x":26,"y":7},{"id":"11","x":27,"y":7},{"id":"12","x":22,"y":8},{"id":"13","x":23,"y":8},{"id":"14","x":24,"y":8},{"id":"15","x":25,"y":8},{"id":"16","x":26,"y":8},{"id":"17","x":27,"y":8},{"id":"6","x":43,"y":10},{"id":"7","x":44,"y":10},{"id":"8","x":45,"y":10},{"id":"9","x":46,"y":10},{"id":"10","x":47,"y":10},{"id":"11","x":48,"y":10},{"id":"12","x":43,"y":11},{"id":"13","x":44,"y":11},{"id":"14","x":45,"y":11},{"id":"15","x":46,"y":11},{"id":"16","x":47,"y":11},{"id":"17","x":48,"y":11}],"collider":false},{"name":"Layer_14","tiles":[{"id":"126","x":12,"y":2},{"id":"127","x":13,"y":2},{"id":"128","x":12,"y":3},{"id":"129","x":13,"y":3},{"id":"130","x":12,"y":4},{"id":"131","x":13,"y":4},{"id":"132","x":12,"y":5},{"id":"133","x":13,"y":5},{"id":"38","x":1,"y":2},{"id":"39","x":2,"y":2},{"id":"40","x":1,"y":3},{"id":"41","x":2,"y":3},{"id":"42","x":1,"y":4},{"id":"43","x":2,"y":4},{"id":"44","x":1,"y":5},{"id":"45","x":2,"y":5}],"collider":false},{"name":"Layer_13","tiles":[{"id":"134","x":0,"y":23},{"id":"135","x":0,"y":24},{"id":"136","x":0,"y":25},{"id":"137","x":0,"y":26},{"id":"138","x":0,"y":27},{"id":"139","x":0,"y":28},{"id":"140","x":0,"y":29},{"id":"141","x":0,"y":30},{"id":"134","x":0,"y":31},{"id":"135","x":0,"y":32},{"id":"136","x":0,"y":33},{"id":"137","x":0,"y":34},{"id":"138","x":0,"y":35},{"id":"139","x":0,"y":36},{"id":"140","x":0,"y":37},{"id":"141","x":0,"y":38},{"id":"134","x":49,"y":0},{"id":"134","x":49,"y":9},{"id":"135","x":49,"y":10},{"id":"136","x":49,"y":11},{"id":"137","x":49,"y":12},{"id":"138","x":49,"y":13},{"id":"139","x":49,"y":14},{"id":"140","x":49,"y":15},{"id":"141","x":49,"y":16},{"id":"134","x":49,"y":1},{"id":"135","x":49,"y":2},{"id":"136","x":49,"y":3},{"id":"137","x":49,"y":4},{"id":"138","x":49,"y":5},{"id":"139","x":49,"y":6},{"id":"140","x":49,"y":7},{"id":"141","x":49,"y":8},{"id":"134","x":49,"y":17},{"id":"135","x":49,"y":18},{"id":"136","x":49,"y":19},{"id":"137","x":49,"y":20},{"id":"138","x":49,"y":21},{"id":"139","x":49,"y":22},{"id":"140","x":49,"y":23},{"id":"141","x":49,"y":24},{"id":"134","x":49,"y":25},{"id":"135","x":49,"y":26},{"id":"136","x":49,"y":27},{"id":"137","x":49,"y":28},{"id":"138","x":49,"y":29},{"id":"139","x":49,"y":30},{"id":"134","x":50,"y":31},{"id":"135","x":50,"y":32},{"id":"136","x":50,"y":33},{"id":"137","x":50,"y":34},{"id":"138","x":50,"y":35},{"id":"139","x":50,"y":36},{"id":"140","x":50,"y":37},{"id":"141","x":50,"y":38},{"id":"134","x":49,"y":31},{"id":"135","x":49,"y":32},{"id":"136","x":49,"y":33},{"id":"137","x":49,"y":34},{"id":"138","x":49,"y":35},{"id":"139","x":49,"y":36},{"id":"140","x":49,"y":37},{"id":"141","x":49,"y":38}],"collider":false},{"name":"Layer_12","tiles":[{"id":"134","x":0,"y":15},{"id":"135","x":0,"y":16},{"id":"136","x":0,"y":17},{"id":"137","x":0,"y":18},{"id":"138","x":0,"y":19},{"id":"139","x":0,"y":20},{"id":"140","x":0,"y":21},{"id":"141","x":0,"y":22}],"collider":false},{"name":"Layer_12","tiles":[{"id":"6","x":41,"y":1},{"id":"7","x":42,"y":1},{"id":"8","x":43,"y":1},{"id":"9","x":44,"y":1},{"id":"12","x":41,"y":2},{"id":"13","x":42,"y":2},{"id":"14","x":43,"y":2},{"id":"15","x":44,"y":2},{"id":"6","x":45,"y":1},{"id":"7","x":46,"y":1},{"id":"8","x":47,"y":1},{"id":"9","x":48,"y":1},{"id":"12","x":45,"y":2},{"id":"13","x":46,"y":2},{"id":"14","x":47,"y":2},{"id":"15","x":48,"y":2},{"id":"142","x":48,"y":3},{"id":"143","x":49,"y":3},{"id":"144","x":50,"y":3},{"id":"145","x":51,"y":3},{"id":"146","x":52,"y":3},{"id":"147","x":53,"y":3},{"id":"148","x":48,"y":4},{"id":"149","x":49,"y":4},{"id":"150","x":50,"y":4},{"id":"151","x":51,"y":4},{"id":"152","x":52,"y":4},{"id":"153","x":53,"y":4},{"id":"154","x":48,"y":5},{"id":"155","x":49,"y":5},{"id":"156","x":50,"y":5},{"id":"157","x":51,"y":5},{"id":"158","x":52,"y":5},{"id":"159","x":53,"y":5},{"id":"160","x":48,"y":6},{"id":"161","x":49,"y":6},{"id":"162","x":50,"y":6},{"id":"163","x":51,"y":6},{"id":"164","x":52,"y":6},{"id":"165","x":53,"y":6},{"id":"142","x":48,"y":7},{"id":"143","x":49,"y":7},{"id":"144","x":50,"y":7},{"id":"145","x":51,"y":7},{"id":"146","x":52,"y":7},{"id":"147","x":53,"y":7},{"id":"148","x":48,"y":8},{"id":"149","x":49,"y":8},{"id":"150","x":50,"y":8},{"id":"151","x":51,"y":8},{"id":"152","x":52,"y":8},{"id":"153","x":53,"y":8},{"id":"154","x":48,"y":9},{"id":"155","x":49,"y":9},{"id":"156","x":50,"y":9},{"id":"157","x":51,"y":9},{"id":"158","x":52,"y":9},{"id":"159","x":53,"y":9},{"id":"160","x":48,"y":10},{"id":"161","x":49,"y":10},{"id":"162","x":50,"y":10},{"id":"163","x":51,"y":10},{"id":"164","x":52,"y":10},{"id":"165","x":53,"y":10},{"id":"134","x":0,"y":1},{"id":"135","x":0,"y":2},{"id":"136","x":0,"y":3},{"id":"137","x":0,"y":4},{"id":"138","x":0,"y":5},{"id":"139","x":0,"y":6},{"id":"140","x":0,"y":7},{"id":"141","x":0,"y":8},{"id":"134","x":0,"y":9},{"id":"135","x":0,"y":10},{"id":"136","x":0,"y":11},{"id":"137","x":0,"y":12},{"id":"138","x":0,"y":13},{"id":"139","x":0,"y":14},{"id":"140","x":0,"y":15},{"id":"141","x":0,"y":16}],"collider":false},{"name":"Layer_11","tiles":[{"id":"6","x":36,"y":1},{"id":"7","x":37,"y":1},{"id":"8","x":38,"y":1},{"id":"9","x":39,"y":1},{"id":"10","x":40,"y":1},{"id":"11","x":41,"y":1},{"id":"12","x":36,"y":2},{"id":"13","x":37,"y":2},{"id":"14","x":38,"y":2},{"id":"15","x":39,"y":2},{"id":"16","x":40,"y":2},{"id":"17","x":41,"y":2}],"collider":false},{"name":"Layer_10","tiles":[{"id":"6","x":32,"y":1},{"id":"7","x":33,"y":1},{"id":"8","x":34,"y":1},{"id":"9","x":35,"y":1},{"id":"10","x":36,"y":1},{"id":"11","x":37,"y":1},{"id":"12","x":32,"y":2},{"id":"13","x":33,"y":2},{"id":"14","x":34,"y":2},{"id":"15","x":35,"y":2},{"id":"16","x":36,"y":2},{"id":"17","x":37,"y":2}],"collider":false},{"name":"Layer_9","tiles":[{"id":"6","x":27,"y":1},{"id":"7","x":28,"y":1},{"id":"8","x":29,"y":1},{"id":"9","x":30,"y":1},{"id":"10","x":31,"y":1},{"id":"11","x":32,"y":1},{"id":"12","x":27,"y":2},{"id":"13","x":28,"y":2},{"id":"14","x":29,"y":2},{"id":"15","x":30,"y":2},{"id":"16","x":31,"y":2},{"id":"17","x":32,"y":2}],"collider":false},{"name":"Layer_7","tiles":[{"id":"6","x":17,"y":7},{"id":"7","x":18,"y":7},{"id":"8","x":19,"y":7},{"id":"9","x":20,"y":7},{"id":"10","x":21,"y":7},{"id":"11","x":22,"y":7},{"id":"12","x":17,"y":8},{"id":"13","x":18,"y":8},{"id":"14","x":19,"y":8},{"id":"15","x":20,"y":8},{"id":"16","x":21,"y":8},{"id":"17","x":22,"y":8},{"id":"6","x":19,"y":1},{"id":"7","x":20,"y":1},{"id":"8","x":21,"y":1},{"id":"9","x":22,"y":1},{"id":"10","x":23,"y":1},{"id":"11","x":24,"y":1},{"id":"12","x":19,"y":2},{"id":"13","x":20,"y":2},{"id":"14","x":21,"y":2},{"id":"15","x":22,"y":2},{"id":"16","x":23,"y":2},{"id":"17","x":24,"y":2}],"collider":false},{"name":"Layer_6","tiles":[{"id":"6","x":14,"y":1},{"id":"7","x":15,"y":1},{"id":"8","x":16,"y":1},{"id":"9","x":17,"y":1},{"id":"10","x":18,"y":1},{"id":"11","x":19,"y":1},{"id":"12","x":14,"y":2},{"id":"13","x":15,"y":2},{"id":"14","x":16,"y":2},{"id":"15","x":17,"y":2},{"id":"16","x":18,"y":2},{"id":"17","x":19,"y":2}],"collider":false},{"name":"Layer_5","tiles":[{"id":"114","x":14,"y":7},{"id":"115","x":15,"y":7},{"id":"116","x":16,"y":7},{"id":"117","x":17,"y":7},{"id":"118","x":14,"y":8},{"id":"119","x":15,"y":8},{"id":"120","x":16,"y":8},{"id":"121","x":17,"y":8},{"id":"122","x":14,"y":9},{"id":"123","x":15,"y":9},{"id":"124","x":16,"y":9},{"id":"125","x":17,"y":9},{"id":"166","x":14,"y":10},{"id":"167","x":15,"y":10},{"id":"168","x":16,"y":10},{"id":"169","x":17,"y":10}],"collider":false},{"name":"Layer_4","tiles":[{"id":"6","x":9,"y":1},{"id":"7","x":10,"y":1},{"id":"8","x":11,"y":1},{"id":"9","x":12,"y":1},{"id":"10","x":13,"y":1},{"id":"11","x":14,"y":1},{"id":"12","x":9,"y":2},{"id":"13","x":10,"y":2},{"id":"14","x":11,"y":2},{"id":"15","x":12,"y":2},{"id":"16","x":13,"y":2},{"id":"17","x":14,"y":2}],"collider":false},{"name":"Layer_3","tiles":[{"id":"6","x":5,"y":1},{"id":"7","x":6,"y":1},{"id":"8","x":7,"y":1},{"id":"9","x":8,"y":1},{"id":"10","x":9,"y":1},{"id":"11","x":10,"y":1},{"id":"12","x":5,"y":2},{"id":"13","x":6,"y":2},{"id":"14","x":7,"y":2},{"id":"15","x":8,"y":2},{"id":"16","x":9,"y":2},{"id":"17","x":10,"y":2}],"collider":false},{"name":"Layer_2","tiles":[{"id":"6","x":0,"y":9},{"id":"7","x":1,"y":9},{"id":"8","x":2,"y":9},{"id":"9","x":3,"y":9},{"id":"10","x":4,"y":9},{"id":"11","x":5,"y":9},{"id":"12","x":0,"y":10},{"id":"13","x":1,"y":10},{"id":"14","x":2,"y":10},{"id":"15","x":3,"y":10},{"id":"16","x":4,"y":10},{"id":"17","x":5,"y":10},{"id":"6","x":9,"y":9},{"id":"7","x":10,"y":9},{"id":"8","x":11,"y":9},{"id":"9","x":12,"y":9},{"id":"10","x":13,"y":9},{"id":"11","x":14,"y":9},{"id":"12","x":9,"y":10},{"id":"13","x":10,"y":10},{"id":"14","x":11,"y":10},{"id":"15","x":12,"y":10},{"id":"16","x":13,"y":10},{"id":"17","x":14,"y":10},{"id":"6","x":0,"y":1},{"id":"7","x":1,"y":1},{"id":"8","x":2,"y":1},{"id":"9","x":3,"y":1},{"id":"10","x":4,"y":1},{"id":"11","x":5,"y":1},{"id":"12","x":0,"y":2},{"id":"13","x":1,"y":2},{"id":"14","x":2,"y":2},{"id":"15","x":3,"y":2},{"id":"16","x":4,"y":2},{"id":"17","x":5,"y":2}],"collider":false},{"name":"Layer_1","tiles":[{"id":"6","x":4,"y":9},{"id":"7","x":5,"y":9},{"id":"8","x":6,"y":9},{"id":"9","x":7,"y":9},{"id":"10","x":8,"y":9},{"id":"11","x":9,"y":9},{"id":"12","x":4,"y":10},{"id":"13","x":5,"y":10},{"id":"14","x":6,"y":10},{"id":"15","x":7,"y":10},{"id":"16","x":8,"y":10},{"id":"17","x":9,"y":10}],"collider":false},{"name":"Layer_0","tiles":[{"id":"62","x":4,"y":4},{"id":"63","x":5,"y":4},{"id":"64","x":6,"y":4},{"id":"65","x":7,"y":4},{"id":"66","x":4,"y":5},{"id":"67","x":5,"y":5},{"id":"68","x":6,"y":5},{"id":"69","x":7,"y":5},{"id":"70","x":4,"y":6},{"id":"71","x":5,"y":6},{"id":"72","x":6,"y":6},{"id":"73","x":7,"y":6},{"id":"74","x":4,"y":7},{"id":"75","x":5,"y":7},{"id":"76","x":6,"y":7},{"id":"77","x":7,"y":7},{"id":"78","x":4,"y":8},{"id":"79","x":5,"y":8},{"id":"80","x":6,"y":8},{"id":"81","x":7,"y":8},{"id":"82","x":4,"y":9},{"id":"83","x":5,"y":9},{"id":"84","x":6,"y":9},{"id":"85","x":7,"y":9}],"collider":false}]}